{
    "LOGAN": {
        "positive": 10.793981244897822,
        "neutral": 62.80406328430872,
        "negative": 26.401955470793467
    },
    "KENDAL": {
        "positive": 15.399266788438126,
        "neutral": 55.90392753389957,
        "negative": 28.696805677662308
    },
    "SHIV": {
        "positive": 11.128101435654825,
        "neutral": 62.32529411629103,
        "negative": 26.546604448054143
    },
    "ROMAN": {
        "positive": 11.649028553992174,
        "neutral": 56.193923568261724,
        "negative": 32.15704787774611
    },
    "TOM": {
        "positive": 17.256561075292986,
        "neutral": 61.87833871347506,
        "negative": 20.865100211231958
    }
}