{
    "LOGAN": {
        "positive": 16.617076740498916,
        "neutral": 51.60535664087519,
        "negative": 31.777566618625897
    },
    "KENDAL": {
        "positive": 14.577657073372919,
        "neutral": 58.495935870954995,
        "negative": 26.92640705567208
    },
    "SHIV": {
        "positive": 13.585279173073511,
        "neutral": 56.68382992776678,
        "negative": 29.730890899159704
    },
    "ROMAN": {
        "positive": 14.684810082297735,
        "neutral": 51.82398888808558,
        "negative": 33.491201029616676
    },
    "TOM": {
        "positive": 20.124000719825865,
        "neutral": 57.23072452960751,
        "negative": 22.645274750566625
    }
}