{
    "LOGAN": {
        "positive": 18.89429896715938,
        "neutral": 59.078513204279794,
        "negative": 22.027187828560827
    },
    "KENDAL": {
        "positive": 14.407039274838278,
        "neutral": 63.36503810138085,
        "negative": 22.227922623780877
    },
    "SHIV": {
        "positive": 12.603290285928166,
        "neutral": 59.674315010044815,
        "negative": 27.72239470402702
    },
    "ROMAN": {
        "positive": 11.559433739705058,
        "neutral": 57.559766189229265,
        "negative": 30.88080007106567
    },
    "TOM": {
        "positive": 12.914543009713038,
        "neutral": 62.89273243154438,
        "negative": 24.192724558742587
    }
}